encodeNameEN,
body/atopic-dermatitis/bath-shower,body/bath-shower/atopic-dermatitis
body/atopic-dermatitis/specific-care,
body/bath-shower,
body/bath-shower/dryness-dehydration,body/dehydration/bath-shower
body/bath-shower/psoriasis,
body/bath-shower/seborrheic-dermatitis,
body/beauty-tech,
body/bust-care,
body/cellulite-control,
body/dehydration/moisturizers,body/moisturisers/dryness-dehydration
body/deodorants,
body/exfoliators,
body/feet,
body/female-intimate-hygiene,
body/firmin-care,
body/firming-care,
body/hairs-removal,
body/hands,
body/moisturisers,
body/moisturisers/atopic-dermatitis,
body/moisturisers/psoriasis,
body/moisturisers/seborrheic-dermatitis,
body/psoriasis/specific-care,
body/scars-reparing-creams,
body/sculping,
body/seborrheic-dermatitis/specific-care,
body/sexuality,
body/stretch-marks,
body/stubborn-fat,
body/water-retention,
fragrance,
fragrance/bath,
fragrance/deodorants,
fragrance/fragranced-moisturizers,
fragrance/women,
hair/accessories,
hair/anti-ageing/conditioners,hair/contitioner/aging
hair/anti-ageing/masks,hair/hair-mask/aging
hair/anti-ageing/seruns-leave-in,hair/seruns-leave-in/aging
hair/anti-ageing/shampoo,hair/shampoo/aging
hair/anti-dandruff,
hair/anti-dandruff/preshampoo-head-scrub,
hair/anti-dandruff/seruns-leave-in,hair/seruns-leave-in/dandruff
hair/anti-dandruff/shampoo,hair/shampoo/dandruff
hair/brushes-combs,
hair/colour,
hair/colour/color-protector,
hair/colour/conditioners,hair/contitioner/coloration
hair/colour/hair-dye,
hair/colour/masks,hair/hair-mask/coloration
hair/colour/shampoo,hair/shampoo/coloration
hair/contitioner,
hair/contitioner/dry-to-very-dry-hair,
hair/contitioner/hair-loss,hair/hair-loss/conditioners
hair/contitioner/normal-hair,hair/normal-hair/conditioners
hair/contitioner/oily-hair,hair/oily-hair/contitioner
hair/contitioner/straightening,
hair/contitioner/volume,hair/volume/conditioners
hair/curly-hair,
hair/curly-hair/conditioners,
hair/curly-hair/masks,
hair/curly-hair/preshampoo-head-scrub,
hair/curly-hair/seruns-leave-in,
hair/curly-hair/shampoo,
hair/damaged-hair,
hair/damaged-hair/conditioners,hair/dry-damaged-hair/conditioners
hair/damaged-hair/masks,hair/dry-damaged-hair/masks
hair/damaged-hair/preshampoo-head-scrub,
hair/damaged-hair/seruns-leave-in,
hair/damaged-hair/shampoo,
hair/dry-damaged-hair/seruns-leave-in,hair/seruns-leave-in/dry-to-very-dry-hair
hair/dry-damaged-hair/shampoo,hair/shampoo/dry-to-very-dry-hair
hair/dry-damaged-hair/styling,
hair/frizz-unruly-hair,
hair/frizz-unruly-hair/conditioners,
hair/frizz-unruly-hair/masks,
hair/frizz-unruly-hair/seruns-leave-in,
hair/frizz-unruly-hair/shampoo,
hair/hair-loss,
hair/hair-loss/food-suplements,
hair/hair-loss/masks,hair/hair-mask/hair-loss
hair/hair-loss/preshampoo-head-scrub,
hair/hair-loss/seruns-leave-in,hair/seruns-leave-in/hair-loss
hair/hair-loss/shampoo,hair/shampoo/hair-loss
hair/hair-mask,
hair/hair-mask/dry-to-very-dry-hair,
hair/hair-mask/normal-hair,hair/normal-hair/masks
hair/hair-mask/oily-hair,hair/oily-hair/masks
hair/hair-mask/straightening,
hair/hair-mask/volume,
hair/normal-hair/seruns-leave-in,hair/seruns-leave-in/normal-hair
hair/normal-hair/shampoo,hair/shampoo/normal-hair
hair/normal-hair/styling,
hair/oily-hair,
hair/oily-hair/preshampoo-head-scrub,
hair/preshampoo-head-scrub,
hair/sensitive-scalp,
hair/sensitive-scalp/preshampoo-head-scrub,
hair/seruns-leave-in,
hair/seruns-leave-in/sensitive-scalp,hair/sensitive-scalp/seruns-leave-in
hair/seruns-leave-in/straightening,
hair/seruns-leave-in/volume,hair/volume/seruns-leave-in
hair/shampoo,
hair/shampoo-dry,
hair/shampoo/oily-hair,hair/oily-hair/shampoo
hair/shampoo/sensitive-scalp,hair/sensitive-scalp/shampoo
hair/shampoo/straightening,
hair/shampoo/volume,hair/volume/shampoo
hair/styling,
hair/sun-care,
hair/supplements,
hair/volume,
health-care,
health-care/anti-fungals,
health-care/atopic-dermatitis/bath-shower,
health-care/atopic-dermatitis/specific-care,
health-care/bones-joints,
health-care/chemo-radiotherapy,
health-care/contact-lenses,
health-care/diabetics,
health-care/diapers-incontinence,
health-care/dressings-anti-bedsore,
health-care/earplugs,
health-care/fertility,
health-care/first-aid,
health-care/insect-repellent,
health-care/lip-herpes,
health-care/medication-boxes,
health-care/menopause,
health-care/nasal-congestion,
health-care/nausea-dizziness,
health-care/nebulizers,
health-care/nutrition,
health-care/oral-health/deep-cleansing,
health-care/oral-health/mouthwashes,
health-care/oral-health/specific-care,
health-care/oral-health/toothbrushes-accessories,
health-care/oral-health/toothpaste,
health-care/ostomized-care,
health-care/psoriasis/bath-shower,
health-care/scars-reparing-creams,
health-care/seborrheic-dermatitis/specific-care,
health-care/sleep-anxiety,
health-care/tensiometers,
health-care/tights-orthoses,
health-care/veterinary-products,
health-care/veterinary-products/hygiene,
makeup/complexion/accessories-brushes,
makeup/complexion/bb-creams-cc-creams,
makeup/complexion/blush,
makeup/complexion/bronzer,
makeup/complexion/compact-foundation,
makeup/complexion/concealers-highlighters,
makeup/complexion/foundation,
makeup/complexion/makeup-removers,
makeup/complexion/powders,
makeup/complexion/primers,
makeup/eyes-brows,
makeup/eyes-brows/accessories-brushes,
makeup/eyes-brows/eye-makeup-removers,
makeup/eyes-brows/eye-shadow,
makeup/eyes-brows/eyebrows,
makeup/eyes-brows/eyeliners-pencil,
makeup/eyes-brows/mascara,
makeup/lips/lipbalm,
makeup/lips/lipgloss,
makeup/lips/lipliners,
makeup/lips/lipstick,
makeup/nails/accessories-tools,
makeup/nails/nail-polish,
makeup/nails/nail-polish-remover,
makeup/nails/pedicure,
makeup/nails/top-basecoats,
makeup/nails/treatments,
men,
men/body,
men/body/deodorants-antiperspirants,
men/body/hygiene-exfoliation,
men/body/moisturization-toning,
men/body/sun-tan,
men/hair/dandruff,
men/hair/hair-loss,
men/hair/normal-hair,
men/hair/normal-oily,
men/hair/shampoos,
men/hair/shampoos/dandruff,
men/hair/shampoos/hair-loss,
men/hair/shampoos/normal-hair,
men/hair/shampoos/oily-hair,
men/hair/styling,
men/perfumes/after-shave,
men/perfumes/bath,
men/perfumes/deodorants,
men/perfumes/fragrances,
men/sexuality/accessories,
men/sexuality/comdoms-lubricants,
men/sexuality/food-supplements,
men/shaving/accessories,
men/shaving/after-shave,
men/shaving/shaving,
men/shaving/styling,
men/skin/acne,
men/skin/anti-ageing,
men/skin/beard-folliculitis,
men/skin/cleansers-tonners,
men/skin/deep-wrinkles-loss-firmness,
men/skin/eye-care,
men/skin/eye-care/dark-circles-puffiness,
men/skin/eye-care/wrinkles,
men/skin/first-signs-age,
men/skin/makeup,
men/skin/moisturisers,
men/skin/moisturisers/dry-skin,
men/skin/moisturisers/oily-skin,
men/skin/moisturisers/sensitive-skin,
men/skin/seruns,
men/skin/signs-fatigue-lack-radiance,
men/skin/sun-care,
men/supplements,
men/supplements/bodybuilding,
men/supplements/fertility,
men/supplements/hair,
men/supplements/multivitamins,
men/supplements/sexuality,
mom-baby,
mom-baby/after-birth/bras,
mom-baby/after-birth/breast-feeding,
mom-baby/after-birth/breast-pumps,
mom-baby/after-birth/food-supplements,
mom-baby/after-birth/stretch-marks-firmness,
mom-baby/before-birth/fertility,
mom-baby/before-birth/food-supplements,
mom-baby/before-birth/stretch-marks-firmness,
mom-baby/before-birth/support-briefs-belts,
mom-baby/before-birth/tired-legs-compressions-stockings,
mom-baby/first-years,
mom-baby/first-years/atopic-skin,
mom-baby/first-years/cradle-cap,
mom-baby/first-years/cramps,
mom-baby/first-years/diaper-change,
mom-baby/first-years/diapers,
mom-baby/first-years/feeding-accessories,
mom-baby/first-years/first-teeth,
mom-baby/first-years/fragrances,
mom-baby/first-years/hygiene-moisturization,
mom-baby/first-years/lices,
mom-baby/first-years/nasal-congestion,
mom-baby/first-years/soothers,
mom-baby/maternity-essentials/apnea-monitors,
mom-baby/maternity-essentials/maternity-bag,
mom-baby/maternity-essentials/nebulizers,
mom-baby/maternity-essentials/strollers-accessories,
mom-baby/maternity-essentials/thermometers,
mom-baby/sun-protection,
skin/beauty-tech,
skin/cleansers-tonners,
skin/cleansers-tonners/combination-to-oily-skin,skin/oiliness-acne-pores/cleansers-tonners
skin/cleansers-tonners/dry-skin,
skin/cleansers-tonners/normal-skin,
skin/cleansers-tonners/sensitive-skin,skin/redness/cleansers-tonners
skin/dark-spots/essences-preparing-lotions,
skin/dark-spots/eye-contour,skin/eye-care/lightness-anti-spots
skin/dark-spots/seruns,skin/seruns/lightness-anti-spots
skin/dark-spots/specific-moisturizers,skin/moisturisers/lightness-anti-spots
skin/dark-spots/targeted-correction,
skin/deep-wrinkles/eye-contour,skin/eye-care/deep-whrinkles
skin/deep-wrinkles/seruns,skin/seruns/deep-whrinkles
skin/deep-wrinkles/specific-moisturizers,skin/moisturisers/deep-wrinkles
skin/deep-wrinkles/targeted-correction,
skin/dehydration/essences-preparing-lotions,
skin/dehydration/seruns,skin/seruns/dryness-dehydration
skin/dehydration/specific-moisturizers,skin/moisturisers/dryness-dehydration
skin/essences-preparing-lotions,
skin/eye-care,
skin/eye-care/dryness-dehydration,
skin/eye-care/first-wrinkles,skin/first-signs-age/eye-contour
skin/eye-care/global-anti-aging,skin/global-anti-aging/eye-contour
skin/eye-care/lost-firmness,skin/loss-firmness/eye-contour
skin/eye-care/sensitive-intolerant-skin,skin/sensitive-intolerant-skin/eye-contour
skin/eyebrows-eyelashes,
skin/facial-oils,
skin/first-signs-age/seruns,skin/seruns/first-wrinkles
skin/first-signs-age/specific-moisturizers,skin/moisturisers/first-wrinkles
skin/global-anti-aging,
skin/global-anti-aging/essences-preparing-lotions,
skin/global-anti-aging/seruns,skin/seruns/global-anti-aging
skin/global-anti-aging/specific-moisturizers,skin/moisturisers/global-anti-aging
skin/hairs-removal,
skin/lip-care,
skin/lip-care/dryness-dehydration,
skin/lip-care/wrinkles-fillers,
skin/loss-firmness/essences-preparing-lotions,
skin/loss-firmness/seruns,skin/seruns/lost-firmness
skin/loss-firmness/specific-moisturizers,skin/moisturisers/lost-firmness
skin/makeup-removers,
skin/masks-exfoliators,
skin/masks-exfoliators/anti-ageing,
skin/masks-exfoliators/anti-spots-masks,
skin/masks-exfoliators/exfoliating,
skin/masks-exfoliators/moisturizing-masks,
skin/masks-exfoliators/purifying-masks,
skin/masks-exfoliators/tissue-masks,
skin/moisturisers,
skin/moisturisers/oiliness-acne-pores,skin/oiliness-acne-pores/specific-moisturizers
skin/moisturisers/redness-rosacea,skin/redness/specific-moisturizers
skin/moisturisers/sensitive-intolerant-skin,skin/sensitive-intolerant-skin/specific-moisturizers
skin/neck-decollete-care,
skin/oiliness-acne-pores/essences-preparing-lotions,
skin/oiliness-acne-pores/masks-exfoliators,
skin/oiliness-acne-pores/seruns,skin/seruns/oiliness-acne-pores
skin/oiliness-acne-pores/targeted-correction,
skin/redness/masks-exfoliators,
skin/seruns/redness-rosacea,skin/redness/seruns
skin/sensitive-intolerant-skin/cleansers-tonners,
skin/seruns,
skin/targeted-correction/deep-whrinkles,
skin/targeted-correction/lightness-anti-spots,
skin/targeted-correction/oiliness-acne-pores,
sun-tan/after-sun,
sun-tan/body,
sun-tan/body/dry-skin,
sun-tan/body/normal-skin,
sun-tan/body/sensitive-intolerant-skin,
sun-tan/dark-spots,
sun-tan/dry-skin/body,
sun-tan/dry-skin/face,
sun-tan/eyes-lips-sensitive-areas,
sun-tan/face,
sun-tan/face/combination-to-oily-skin,
sun-tan/face/dry-skin,
sun-tan/face/lightness-anti-spots,
sun-tan/face/normal-skin,
sun-tan/face/sensitive-intolerant-skin,
sun-tan/hair,
sun-tan/normal-skin/body,
sun-tan/normal-skin/face,
sun-tan/oily-combination-skin,
sun-tan/pre-sun,
sun-tan/self-tanning,
sun-tan/sensitivity/body,
sun-tan/sensitivity/face,
sun-tan/supplements,
supplements-vitamins/anti-ageing,
supplements-vitamins/anti-bedsore,
supplements-vitamins/bodybuilding,
supplements-vitamins/bones-joints,
supplements-vitamins/brain-memory,
supplements-vitamins/diabetics,
supplements-vitamins/digestive-health,
supplements-vitamins/energy-tiredness,
supplements-vitamins/eye-care,
supplements-vitamins/fertility,
supplements-vitamins/hair-care,
supplements-vitamins/heart-circulation,
supplements-vitamins/menopause,
supplements-vitamins/nutrition,
supplements-vitamins/sexuality,
supplements-vitamins/sleep-anxiety,
supplements-vitamins/sun-care,
supplements-vitamins/urinary-concerns,
supplements-vitamins/vitamins-minerals,
supplements-vitamins/weight-management,